{"cameraMode":{"drawMode":0,"name":"Shaded","section":"Shading Mode"},"sceneLighting":false,"audioPlay":false,"sceneViewState":{"m_AlwaysRefresh":false,"showFog":true,"showSkybox":false,"showFlares":true,"showImageEffects":true,"showParticleSystems":true,"showVisualEffectGraphs":true,"m_FxEnabled":true},"in2DMode":false,"pivot":{"x":0.0006251335144042969,"y":0.0003113746643066406,"z":-0.0012736320495605469},"rotation":{"x":0.22549155354499818,"y":-0.2753361761569977,"z":0.06663147360086441,"w":0.932338297367096},"size":3.7021498680114748,"orthographic":false}