{"cameraMode":{"drawMode":0,"name":"Shaded","section":"Shading Mode"},"sceneLighting":true,"audioPlay":false,"sceneViewState":{"m_AlwaysRefresh":true,"showFog":true,"showSkybox":true,"showFlares":true,"showImageEffects":true,"showParticleSystems":true,"showVisualEffectGraphs":true,"m_FxEnabled":true},"in2DMode":false,"pivot":{"x":-7.514190673828125,"y":-6.817352294921875,"z":2.643130302429199},"rotation":{"x":0.21146036684513093,"y":-0.34723997116088869,"z":0.08069664984941483,"w":0.9100704789161682},"size":13.608617782592774,"orthographic":false}